<?xml version="1.0" encoding="UTF-8" standalone="yes"?>
<addon id="repository.getlit" name="GetLit" version="1.0" provider-name="GetLit">
    <extension point="xbmc.addon.repository" name="GetLit Repo">
        <dir>
            <info compressed="false">https://raw.githubusercontent.com/GetLitTV/repository.getlit/master/repo/zips/addons.xml</info>
            <checksum>https://raw.githubusercontent.com/GetLitTV/repository.getlit/master/repo/zips/addons.xml.md5</checksum>
            <datadir zip="true">https://raw.githubusercontent.com/GetLitTV/repository.getlit/master/repo/zips/</datadir>
        </dir>
    </extension>
    <extension point="xbmc.addon.metadata">
        <summary>GetLit Repo</summary>
        <description>GetLit Repo</description>
        <disclaimer></disclaimer>
        <platform>all</platform>
        <assets>
            <icon>icon.png</icon>
            <fanart>fanart.jpg</fanart>
        </assets>
    </extension>
</addon>